ck+0.png,"(0, 0, 48, 48)",1,0,0,0,0,0,0,0,0
ck+1.png,"(0, 0, 48, 48)",1,0,0,0,0,0,0,0,0
ck+2.png,"(0, 0, 48, 48)",1,0,0,0,0,0,0,0,0
ck+3.png,"(0, 0, 48, 48)",1,0,0,0,0,0,0,0,0
ck+4.png,"(0, 0, 48, 48)",1,0,0,0,0,0,0,0,0
ck+5.png,"(0, 0, 48, 48)",1,0,0,0,0,0,0,0,0
ck+6.png,"(0, 0, 48, 48)",1,0,0,0,0,0,0,0,0
ck+7.png,"(0, 0, 48, 48)",1,0,0,0,0,0,0,0,0
ck+8.png,"(0, 0, 48, 48)",1,0,0,0,0,0,0,0,0
ck+9.png,"(0, 0, 48, 48)",1,0,0,0,0,0,0,0,0
ck+10.png,"(0, 0, 48, 48)",1,0,0,0,0,0,0,0,0
ck+11.png,"(0, 0, 48, 48)",1,0,0,0,0,0,0,0,0
ck+12.png,"(0, 0, 48, 48)",1,0,0,0,0,0,0,0,0
ck+13.png,"(0, 0, 48, 48)",1,0,0,0,0,0,0,0,0
ck+14.png,"(0, 0, 48, 48)",1,0,0,0,0,0,0,0,0
ck+15.png,"(0, 0, 48, 48)",1,0,0,0,0,0,0,0,0
ck+16.png,"(0, 0, 48, 48)",1,0,0,0,0,0,0,0,0
ck+17.png,"(0, 0, 48, 48)",1,0,0,0,0,0,0,0,0
ck+18.png,"(0, 0, 48, 48)",1,0,0,0,0,0,0,0,0
ck+19.png,"(0, 0, 48, 48)",1,0,0,0,0,0,0,0,0
ck+20.png,"(0, 0, 48, 48)",1,0,0,0,0,0,0,0,0
ck+21.png,"(0, 0, 48, 48)",1,0,0,0,0,0,0,0,0
ck+22.png,"(0, 0, 48, 48)",1,0,0,0,0,0,0,0,0
ck+23.png,"(0, 0, 48, 48)",1,0,0,0,0,0,0,0,0
ck+24.png,"(0, 0, 48, 48)",1,0,0,0,0,0,0,0,0
ck+25.png,"(0, 0, 48, 48)",1,0,0,0,0,0,0,0,0
ck+26.png,"(0, 0, 48, 48)",1,0,0,0,0,0,0,0,0
ck+27.png,"(0, 0, 48, 48)",1,0,0,0,0,0,0,0,0
ck+28.png,"(0, 0, 48, 48)",1,0,0,0,0,0,0,0,0
ck+29.png,"(0, 0, 48, 48)",1,0,0,0,0,0,0,0,0
ck+30.png,"(0, 0, 48, 48)",1,0,0,0,0,0,0,0,0
ck+31.png,"(0, 0, 48, 48)",1,0,0,0,0,0,0,0,0
ck+32.png,"(0, 0, 48, 48)",1,0,0,0,0,0,0,0,0
ck+33.png,"(0, 0, 48, 48)",1,0,0,0,0,0,0,0,0
ck+34.png,"(0, 0, 48, 48)",1,0,0,0,0,0,0,0,0
ck+35.png,"(0, 0, 48, 48)",1,0,0,0,0,0,0,0,0
ck+36.png,"(0, 0, 48, 48)",1,0,0,0,0,0,0,0,0
ck+37.png,"(0, 0, 48, 48)",1,0,0,0,0,0,0,0,0
ck+38.png,"(0, 0, 48, 48)",1,0,0,0,0,0,0,0,0
ck+39.png,"(0, 0, 48, 48)",1,0,0,0,0,0,0,0,0
ck+40.png,"(0, 0, 48, 48)",1,0,0,0,0,0,0,0,0
ck+41.png,"(0, 0, 48, 48)",1,0,0,0,0,0,0,0,0
ck+42.png,"(0, 0, 48, 48)",1,0,0,0,0,0,0,0,0
ck+43.png,"(0, 0, 48, 48)",1,0,0,0,0,0,0,0,0
ck+44.png,"(0, 0, 48, 48)",1,0,0,0,0,0,0,0,0
ck+45.png,"(0, 0, 48, 48)",1,0,0,0,0,0,0,0,0
ck+46.png,"(0, 0, 48, 48)",1,0,0,0,0,0,0,0,0
ck+47.png,"(0, 0, 48, 48)",1,0,0,0,0,0,0,0,0
ck+48.png,"(0, 0, 48, 48)",1,0,0,0,0,0,0,0,0
ck+49.png,"(0, 0, 48, 48)",1,0,0,0,0,0,0,0,0
ck+50.png,"(0, 0, 48, 48)",1,0,0,0,0,0,0,0,0
ck+51.png,"(0, 0, 48, 48)",1,0,0,0,0,0,0,0,0
ck+52.png,"(0, 0, 48, 48)",1,0,0,0,0,0,0,0,0
ck+53.png,"(0, 0, 48, 48)",1,0,0,0,0,0,0,0,0
ck+54.png,"(0, 0, 48, 48)",1,0,0,0,0,0,0,0,0
ck+55.png,"(0, 0, 48, 48)",1,0,0,0,0,0,0,0,0
ck+56.png,"(0, 0, 48, 48)",1,0,0,0,0,0,0,0,0
ck+57.png,"(0, 0, 48, 48)",1,0,0,0,0,0,0,0,0
ck+58.png,"(0, 0, 48, 48)",1,0,0,0,0,0,0,0,0
ck+59.png,"(0, 0, 48, 48)",1,0,0,0,0,0,0,0,0
ck+60.png,"(0, 0, 48, 48)",1,0,0,0,0,0,0,0,0
ck+61.png,"(0, 0, 48, 48)",1,0,0,0,0,0,0,0,0
ck+62.png,"(0, 0, 48, 48)",1,0,0,0,0,0,0,0,0
ck+63.png,"(0, 0, 48, 48)",1,0,0,0,0,0,0,0,0
ck+64.png,"(0, 0, 48, 48)",1,0,0,0,0,0,0,0,0
ck+65.png,"(0, 0, 48, 48)",1,0,0,0,0,0,0,0,0
ck+66.png,"(0, 0, 48, 48)",1,0,0,0,0,0,0,0,0
ck+67.png,"(0, 0, 48, 48)",1,0,0,0,0,0,0,0,0
ck+68.png,"(0, 0, 48, 48)",1,0,0,0,0,0,0,0,0
ck+69.png,"(0, 0, 48, 48)",1,0,0,0,0,0,0,0,0
ck+70.png,"(0, 0, 48, 48)",1,0,0,0,0,0,0,0,0
ck+71.png,"(0, 0, 48, 48)",1,0,0,0,0,0,0,0,0
ck+72.png,"(0, 0, 48, 48)",1,0,0,0,0,0,0,0,0
ck+73.png,"(0, 0, 48, 48)",1,0,0,0,0,0,0,0,0
ck+74.png,"(0, 0, 48, 48)",1,0,0,0,0,0,0,0,0
ck+75.png,"(0, 0, 48, 48)",1,0,0,0,0,0,0,0,0
ck+76.png,"(0, 0, 48, 48)",1,0,0,0,0,0,0,0,0
ck+77.png,"(0, 0, 48, 48)",1,0,0,0,0,0,0,0,0
ck+78.png,"(0, 0, 48, 48)",1,0,0,0,0,0,0,0,0
ck+79.png,"(0, 0, 48, 48)",1,0,0,0,0,0,0,0,0
ck+80.png,"(0, 0, 48, 48)",1,0,0,0,0,0,0,0,0
ck+81.png,"(0, 0, 48, 48)",1,0,0,0,0,0,0,0,0
ck+82.png,"(0, 0, 48, 48)",1,0,0,0,0,0,0,0,0
ck+83.png,"(0, 0, 48, 48)",1,0,0,0,0,0,0,0,0
ck+84.png,"(0, 0, 48, 48)",1,0,0,0,0,0,0,0,0
ck+85.png,"(0, 0, 48, 48)",1,0,0,0,0,0,0,0,0
ck+86.png,"(0, 0, 48, 48)",1,0,0,0,0,0,0,0,0
ck+87.png,"(0, 0, 48, 48)",1,0,0,0,0,0,0,0,0
ck+88.png,"(0, 0, 48, 48)",1,0,0,0,0,0,0,0,0
ck+89.png,"(0, 0, 48, 48)",1,0,0,0,0,0,0,0,0
ck+90.png,"(0, 0, 48, 48)",1,0,0,0,0,0,0,0,0
ck+91.png,"(0, 0, 48, 48)",1,0,0,0,0,0,0,0,0
ck+92.png,"(0, 0, 48, 48)",1,0,0,0,0,0,0,0,0
ck+93.png,"(0, 0, 48, 48)",1,0,0,0,0,0,0,0,0
ck+94.png,"(0, 0, 48, 48)",1,0,0,0,0,0,0,0,0
ck+95.png,"(0, 0, 48, 48)",1,0,0,0,0,0,0,0,0
ck+96.png,"(0, 0, 48, 48)",1,0,0,0,0,0,0,0,0
ck+97.png,"(0, 0, 48, 48)",1,0,0,0,0,0,0,0,0
ck+98.png,"(0, 0, 48, 48)",1,0,0,0,0,0,0,0,0
ck+99.png,"(0, 0, 48, 48)",1,0,0,0,0,0,0,0,0
ck+100.png,"(0, 0, 48, 48)",1,0,0,0,0,0,0,0,0
ck+101.png,"(0, 0, 48, 48)",1,0,0,0,0,0,0,0,0
ck+102.png,"(0, 0, 48, 48)",1,0,0,0,0,0,0,0,0
ck+103.png,"(0, 0, 48, 48)",1,0,0,0,0,0,0,0,0
ck+104.png,"(0, 0, 48, 48)",1,0,0,0,0,0,0,0,0
ck+105.png,"(0, 0, 48, 48)",1,0,0,0,0,0,0,0,0
ck+106.png,"(0, 0, 48, 48)",1,0,0,0,0,0,0,0,0
ck+107.png,"(0, 0, 48, 48)",1,0,0,0,0,0,0,0,0
ck+108.png,"(0, 0, 48, 48)",1,0,0,0,0,0,0,0,0
ck+109.png,"(0, 0, 48, 48)",1,0,0,0,0,0,0,0,0
ck+110.png,"(0, 0, 48, 48)",1,0,0,0,0,0,0,0,0
ck+111.png,"(0, 0, 48, 48)",1,0,0,0,0,0,0,0,0
ck+112.png,"(0, 0, 48, 48)",1,0,0,0,0,0,0,0,0
ck+113.png,"(0, 0, 48, 48)",1,0,0,0,0,0,0,0,0
ck+114.png,"(0, 0, 48, 48)",1,0,0,0,0,0,0,0,0
ck+115.png,"(0, 0, 48, 48)",1,0,0,0,0,0,0,0,0
ck+116.png,"(0, 0, 48, 48)",1,0,0,0,0,0,0,0,0
ck+117.png,"(0, 0, 48, 48)",1,0,0,0,0,0,0,0,0
ck+118.png,"(0, 0, 48, 48)",1,0,0,0,0,0,0,0,0
ck+119.png,"(0, 0, 48, 48)",1,0,0,0,0,0,0,0,0
ck+120.png,"(0, 0, 48, 48)",1,0,0,0,0,0,0,0,0
ck+121.png,"(0, 0, 48, 48)",1,0,0,0,0,0,0,0,0
ck+122.png,"(0, 0, 48, 48)",1,0,0,0,0,0,0,0,0
ck+123.png,"(0, 0, 48, 48)",1,0,0,0,0,0,0,0,0
ck+124.png,"(0, 0, 48, 48)",1,0,0,0,0,0,0,0,0
ck+125.png,"(0, 0, 48, 48)",1,0,0,0,0,0,0,0,0
ck+126.png,"(0, 0, 48, 48)",1,0,0,0,0,0,0,0,0
ck+127.png,"(0, 0, 48, 48)",1,0,0,0,0,0,0,0,0
ck+128.png,"(0, 0, 48, 48)",1,0,0,0,0,0,0,0,0
ck+129.png,"(0, 0, 48, 48)",1,0,0,0,0,0,0,0,0
ck+130.png,"(0, 0, 48, 48)",1,0,0,0,0,0,0,0,0
ck+131.png,"(0, 0, 48, 48)",1,0,0,0,0,0,0,0,0
ck+132.png,"(0, 0, 48, 48)",1,0,0,0,0,0,0,0,0
ck+133.png,"(0, 0, 48, 48)",1,0,0,0,0,0,0,0,0
ck+134.png,"(0, 0, 48, 48)",1,0,0,0,0,0,0,0,0
ck+135.png,"(0, 0, 48, 48)",1,0,0,0,0,0,0,0,0
ck+136.png,"(0, 0, 48, 48)",1,0,0,0,0,0,0,0,0
ck+137.png,"(0, 0, 48, 48)",1,0,0,0,0,0,0,0,0
ck+138.png,"(0, 0, 48, 48)",1,0,0,0,0,0,0,0,0
ck+139.png,"(0, 0, 48, 48)",1,0,0,0,0,0,0,0,0
ck+140.png,"(0, 0, 48, 48)",1,0,0,0,0,0,0,0,0
ck+141.png,"(0, 0, 48, 48)",1,0,0,0,0,0,0,0,0
ck+142.png,"(0, 0, 48, 48)",1,0,0,0,0,0,0,0,0
ck+143.png,"(0, 0, 48, 48)",1,0,0,0,0,0,0,0,0
ck+144.png,"(0, 0, 48, 48)",1,0,0,0,0,0,0,0,0
ck+145.png,"(0, 0, 48, 48)",1,0,0,0,0,0,0,0,0
ck+146.png,"(0, 0, 48, 48)",1,0,0,0,0,0,0,0,0
ck+147.png,"(0, 0, 48, 48)",1,0,0,0,0,0,0,0,0
ck+148.png,"(0, 0, 48, 48)",1,0,0,0,0,0,0,0,0
ck+149.png,"(0, 0, 48, 48)",1,0,0,0,0,0,0,0,0
ck+150.png,"(0, 0, 48, 48)",1,0,0,0,0,0,0,0,0
ck+151.png,"(0, 0, 48, 48)",1,0,0,0,0,0,0,0,0
ck+152.png,"(0, 0, 48, 48)",1,0,0,0,0,0,0,0,0
ck+153.png,"(0, 0, 48, 48)",1,0,0,0,0,0,0,0,0
ck+154.png,"(0, 0, 48, 48)",1,0,0,0,0,0,0,0,0
ck+155.png,"(0, 0, 48, 48)",1,0,0,0,0,0,0,0,0
ck+156.png,"(0, 0, 48, 48)",1,0,0,0,0,0,0,0,0
ck+157.png,"(0, 0, 48, 48)",1,0,0,0,0,0,0,0,0
ck+158.png,"(0, 0, 48, 48)",1,0,0,0,0,0,0,0,0
ck+159.png,"(0, 0, 48, 48)",1,0,0,0,0,0,0,0,0
ck+160.png,"(0, 0, 48, 48)",1,0,0,0,0,0,0,0,0
ck+161.png,"(0, 0, 48, 48)",1,0,0,0,0,0,0,0,0
ck+162.png,"(0, 0, 48, 48)",1,0,0,0,0,0,0,0,0
ck+163.png,"(0, 0, 48, 48)",1,0,0,0,0,0,0,0,0
ck+164.png,"(0, 0, 48, 48)",1,0,0,0,0,0,0,0,0
ck+165.png,"(0, 0, 48, 48)",1,0,0,0,0,0,0,0,0
ck+166.png,"(0, 0, 48, 48)",1,0,0,0,0,0,0,0,0
ck+167.png,"(0, 0, 48, 48)",0,1,0,0,0,0,0,0,0
ck+168.png,"(0, 0, 48, 48)",0,1,0,0,0,0,0,0,0
ck+169.png,"(0, 0, 48, 48)",0,1,0,0,0,0,0,0,0
ck+170.png,"(0, 0, 48, 48)",0,1,0,0,0,0,0,0,0
ck+171.png,"(0, 0, 48, 48)",0,1,0,0,0,0,0,0,0
ck+172.png,"(0, 0, 48, 48)",0,1,0,0,0,0,0,0,0
ck+173.png,"(0, 0, 48, 48)",0,1,0,0,0,0,0,0,0
ck+174.png,"(0, 0, 48, 48)",0,1,0,0,0,0,0,0,0
ck+175.png,"(0, 0, 48, 48)",0,1,0,0,0,0,0,0,0
ck+176.png,"(0, 0, 48, 48)",0,1,0,0,0,0,0,0,0
ck+177.png,"(0, 0, 48, 48)",0,1,0,0,0,0,0,0,0
ck+178.png,"(0, 0, 48, 48)",0,1,0,0,0,0,0,0,0
ck+179.png,"(0, 0, 48, 48)",0,1,0,0,0,0,0,0,0
ck+180.png,"(0, 0, 48, 48)",0,1,0,0,0,0,0,0,0
ck+181.png,"(0, 0, 48, 48)",0,1,0,0,0,0,0,0,0
ck+182.png,"(0, 0, 48, 48)",0,1,0,0,0,0,0,0,0
ck+183.png,"(0, 0, 48, 48)",0,1,0,0,0,0,0,0,0
ck+184.png,"(0, 0, 48, 48)",0,1,0,0,0,0,0,0,0
ck+185.png,"(0, 0, 48, 48)",0,1,0,0,0,0,0,0,0
ck+186.png,"(0, 0, 48, 48)",0,1,0,0,0,0,0,0,0
ck+187.png,"(0, 0, 48, 48)",0,1,0,0,0,0,0,0,0
ck+188.png,"(0, 0, 48, 48)",0,1,0,0,0,0,0,0,0
ck+189.png,"(0, 0, 48, 48)",0,1,0,0,0,0,0,0,0
ck+190.png,"(0, 0, 48, 48)",0,1,0,0,0,0,0,0,0
ck+191.png,"(0, 0, 48, 48)",0,1,0,0,0,0,0,0,0
ck+192.png,"(0, 0, 48, 48)",0,1,0,0,0,0,0,0,0
ck+193.png,"(0, 0, 48, 48)",0,1,0,0,0,0,0,0,0
ck+194.png,"(0, 0, 48, 48)",0,1,0,0,0,0,0,0,0
ck+195.png,"(0, 0, 48, 48)",0,1,0,0,0,0,0,0,0
ck+196.png,"(0, 0, 48, 48)",0,1,0,0,0,0,0,0,0
ck+197.png,"(0, 0, 48, 48)",0,1,0,0,0,0,0,0,0
ck+198.png,"(0, 0, 48, 48)",0,1,0,0,0,0,0,0,0
ck+199.png,"(0, 0, 48, 48)",0,1,0,0,0,0,0,0,0
ck+200.png,"(0, 0, 48, 48)",0,1,0,0,0,0,0,0,0
ck+201.png,"(0, 0, 48, 48)",0,1,0,0,0,0,0,0,0
ck+202.png,"(0, 0, 48, 48)",0,1,0,0,0,0,0,0,0
ck+203.png,"(0, 0, 48, 48)",0,1,0,0,0,0,0,0,0
ck+204.png,"(0, 0, 48, 48)",0,1,0,0,0,0,0,0,0
ck+205.png,"(0, 0, 48, 48)",0,1,0,0,0,0,0,0,0
ck+206.png,"(0, 0, 48, 48)",0,1,0,0,0,0,0,0,0
ck+207.png,"(0, 0, 48, 48)",0,1,0,0,0,0,0,0,0
ck+208.png,"(0, 0, 48, 48)",0,1,0,0,0,0,0,0,0
ck+209.png,"(0, 0, 48, 48)",0,1,0,0,0,0,0,0,0
ck+210.png,"(0, 0, 48, 48)",0,1,0,0,0,0,0,0,0
ck+211.png,"(0, 0, 48, 48)",0,1,0,0,0,0,0,0,0
ck+212.png,"(0, 0, 48, 48)",0,1,0,0,0,0,0,0,0
ck+213.png,"(0, 0, 48, 48)",0,1,0,0,0,0,0,0,0
ck+214.png,"(0, 0, 48, 48)",0,1,0,0,0,0,0,0,0
ck+215.png,"(0, 0, 48, 48)",0,1,0,0,0,0,0,0,0
ck+216.png,"(0, 0, 48, 48)",0,1,0,0,0,0,0,0,0
ck+217.png,"(0, 0, 48, 48)",0,1,0,0,0,0,0,0,0
ck+218.png,"(0, 0, 48, 48)",0,1,0,0,0,0,0,0,0
ck+219.png,"(0, 0, 48, 48)",0,1,0,0,0,0,0,0,0
ck+220.png,"(0, 0, 48, 48)",0,1,0,0,0,0,0,0,0
ck+221.png,"(0, 0, 48, 48)",0,1,0,0,0,0,0,0,0
ck+222.png,"(0, 0, 48, 48)",0,1,0,0,0,0,0,0,0
ck+223.png,"(0, 0, 48, 48)",0,1,0,0,0,0,0,0,0
ck+224.png,"(0, 0, 48, 48)",0,1,0,0,0,0,0,0,0
ck+225.png,"(0, 0, 48, 48)",0,1,0,0,0,0,0,0,0
ck+226.png,"(0, 0, 48, 48)",0,1,0,0,0,0,0,0,0
ck+227.png,"(0, 0, 48, 48)",0,1,0,0,0,0,0,0,0
ck+228.png,"(0, 0, 48, 48)",0,1,0,0,0,0,0,0,0
ck+229.png,"(0, 0, 48, 48)",0,1,0,0,0,0,0,0,0
ck+230.png,"(0, 0, 48, 48)",0,1,0,0,0,0,0,0,0
ck+231.png,"(0, 0, 48, 48)",0,1,0,0,0,0,0,0,0
ck+232.png,"(0, 0, 48, 48)",0,1,0,0,0,0,0,0,0
ck+233.png,"(0, 0, 48, 48)",0,1,0,0,0,0,0,0,0
ck+234.png,"(0, 0, 48, 48)",0,1,0,0,0,0,0,0,0
ck+235.png,"(0, 0, 48, 48)",0,1,0,0,0,0,0,0,0
ck+236.png,"(0, 0, 48, 48)",0,1,0,0,0,0,0,0,0
ck+237.png,"(0, 0, 48, 48)",0,1,0,0,0,0,0,0,0
ck+238.png,"(0, 0, 48, 48)",0,1,0,0,0,0,0,0,0
ck+239.png,"(0, 0, 48, 48)",0,1,0,0,0,0,0,0,0
ck+240.png,"(0, 0, 48, 48)",0,1,0,0,0,0,0,0,0
ck+241.png,"(0, 0, 48, 48)",0,1,0,0,0,0,0,0,0
ck+242.png,"(0, 0, 48, 48)",0,1,0,0,0,0,0,0,0
ck+243.png,"(0, 0, 48, 48)",0,1,0,0,0,0,0,0,0
ck+244.png,"(0, 0, 48, 48)",0,1,0,0,0,0,0,0,0
ck+245.png,"(0, 0, 48, 48)",0,1,0,0,0,0,0,0,0
ck+246.png,"(0, 0, 48, 48)",0,1,0,0,0,0,0,0,0
ck+247.png,"(0, 0, 48, 48)",0,1,0,0,0,0,0,0,0
ck+248.png,"(0, 0, 48, 48)",0,1,0,0,0,0,0,0,0
ck+249.png,"(0, 0, 48, 48)",0,1,0,0,0,0,0,0,0
ck+250.png,"(0, 0, 48, 48)",0,1,0,0,0,0,0,0,0
ck+251.png,"(0, 0, 48, 48)",0,1,0,0,0,0,0,0,0
ck+252.png,"(0, 0, 48, 48)",0,1,0,0,0,0,0,0,0
ck+253.png,"(0, 0, 48, 48)",0,1,0,0,0,0,0,0,0
ck+254.png,"(0, 0, 48, 48)",0,1,0,0,0,0,0,0,0
ck+255.png,"(0, 0, 48, 48)",0,1,0,0,0,0,0,0,0
ck+256.png,"(0, 0, 48, 48)",0,1,0,0,0,0,0,0,0
ck+257.png,"(0, 0, 48, 48)",0,1,0,0,0,0,0,0,0
ck+258.png,"(0, 0, 48, 48)",0,1,0,0,0,0,0,0,0
ck+259.png,"(0, 0, 48, 48)",0,1,0,0,0,0,0,0,0
ck+260.png,"(0, 0, 48, 48)",0,1,0,0,0,0,0,0,0
ck+261.png,"(0, 0, 48, 48)",0,1,0,0,0,0,0,0,0
ck+262.png,"(0, 0, 48, 48)",0,1,0,0,0,0,0,0,0
ck+263.png,"(0, 0, 48, 48)",0,1,0,0,0,0,0,0,0
ck+264.png,"(0, 0, 48, 48)",0,1,0,0,0,0,0,0,0
ck+265.png,"(0, 0, 48, 48)",0,1,0,0,0,0,0,0,0
ck+266.png,"(0, 0, 48, 48)",0,1,0,0,0,0,0,0,0
ck+267.png,"(0, 0, 48, 48)",0,1,0,0,0,0,0,0,0
ck+268.png,"(0, 0, 48, 48)",0,1,0,0,0,0,0,0,0
ck+269.png,"(0, 0, 48, 48)",0,1,0,0,0,0,0,0,0
ck+270.png,"(0, 0, 48, 48)",0,1,0,0,0,0,0,0,0
ck+271.png,"(0, 0, 48, 48)",0,1,0,0,0,0,0,0,0
ck+272.png,"(0, 0, 48, 48)",0,1,0,0,0,0,0,0,0
ck+273.png,"(0, 0, 48, 48)",0,1,0,0,0,0,0,0,0
ck+274.png,"(0, 0, 48, 48)",0,1,0,0,0,0,0,0,0
ck+275.png,"(0, 0, 48, 48)",0,1,0,0,0,0,0,0,0
ck+276.png,"(0, 0, 48, 48)",0,1,0,0,0,0,0,0,0
ck+277.png,"(0, 0, 48, 48)",0,1,0,0,0,0,0,0,0
ck+278.png,"(0, 0, 48, 48)",0,1,0,0,0,0,0,0,0
ck+279.png,"(0, 0, 48, 48)",0,1,0,0,0,0,0,0,0
ck+280.png,"(0, 0, 48, 48)",0,1,0,0,0,0,0,0,0
ck+281.png,"(0, 0, 48, 48)",0,1,0,0,0,0,0,0,0
ck+282.png,"(0, 0, 48, 48)",0,1,0,0,0,0,0,0,0
ck+283.png,"(0, 0, 48, 48)",0,1,0,0,0,0,0,0,0
ck+284.png,"(0, 0, 48, 48)",0,1,0,0,0,0,0,0,0
ck+285.png,"(0, 0, 48, 48)",0,1,0,0,0,0,0,0,0
ck+286.png,"(0, 0, 48, 48)",0,1,0,0,0,0,0,0,0
ck+287.png,"(0, 0, 48, 48)",0,1,0,0,0,0,0,0,0
ck+288.png,"(0, 0, 48, 48)",0,1,0,0,0,0,0,0,0
ck+289.png,"(0, 0, 48, 48)",0,1,0,0,0,0,0,0,0
ck+290.png,"(0, 0, 48, 48)",0,1,0,0,0,0,0,0,0
ck+291.png,"(0, 0, 48, 48)",0,1,0,0,0,0,0,0,0
ck+292.png,"(0, 0, 48, 48)",0,1,0,0,0,0,0,0,0
ck+293.png,"(0, 0, 48, 48)",0,1,0,0,0,0,0,0,0
ck+294.png,"(0, 0, 48, 48)",0,1,0,0,0,0,0,0,0
ck+295.png,"(0, 0, 48, 48)",0,1,0,0,0,0,0,0,0
ck+296.png,"(0, 0, 48, 48)",0,1,0,0,0,0,0,0,0
ck+297.png,"(0, 0, 48, 48)",0,1,0,0,0,0,0,0,0
ck+298.png,"(0, 0, 48, 48)",0,1,0,0,0,0,0,0,0
ck+299.png,"(0, 0, 48, 48)",0,1,0,0,0,0,0,0,0
ck+300.png,"(0, 0, 48, 48)",0,1,0,0,0,0,0,0,0
ck+301.png,"(0, 0, 48, 48)",0,1,0,0,0,0,0,0,0
ck+302.png,"(0, 0, 48, 48)",0,1,0,0,0,0,0,0,0
ck+303.png,"(0, 0, 48, 48)",0,1,0,0,0,0,0,0,0
ck+304.png,"(0, 0, 48, 48)",0,1,0,0,0,0,0,0,0
ck+305.png,"(0, 0, 48, 48)",0,1,0,0,0,0,0,0,0
ck+306.png,"(0, 0, 48, 48)",0,1,0,0,0,0,0,0,0
ck+307.png,"(0, 0, 48, 48)",0,1,0,0,0,0,0,0,0
ck+308.png,"(0, 0, 48, 48)",0,1,0,0,0,0,0,0,0
ck+309.png,"(0, 0, 48, 48)",0,1,0,0,0,0,0,0,0
ck+310.png,"(0, 0, 48, 48)",0,1,0,0,0,0,0,0,0
ck+311.png,"(0, 0, 48, 48)",0,1,0,0,0,0,0,0,0
ck+312.png,"(0, 0, 48, 48)",0,1,0,0,0,0,0,0,0
ck+313.png,"(0, 0, 48, 48)",0,1,0,0,0,0,0,0,0
ck+314.png,"(0, 0, 48, 48)",0,1,0,0,0,0,0,0,0
ck+315.png,"(0, 0, 48, 48)",0,1,0,0,0,0,0,0,0
ck+316.png,"(0, 0, 48, 48)",0,1,0,0,0,0,0,0,0
ck+317.png,"(0, 0, 48, 48)",0,1,0,0,0,0,0,0,0
ck+318.png,"(0, 0, 48, 48)",0,1,0,0,0,0,0,0,0
ck+319.png,"(0, 0, 48, 48)",0,1,0,0,0,0,0,0,0
ck+320.png,"(0, 0, 48, 48)",0,1,0,0,0,0,0,0,0
ck+321.png,"(0, 0, 48, 48)",0,1,0,0,0,0,0,0,0
ck+322.png,"(0, 0, 48, 48)",0,1,0,0,0,0,0,0,0
ck+323.png,"(0, 0, 48, 48)",0,1,0,0,0,0,0,0,0
ck+324.png,"(0, 0, 48, 48)",0,1,0,0,0,0,0,0,0
ck+325.png,"(0, 0, 48, 48)",0,1,0,0,0,0,0,0,0
ck+326.png,"(0, 0, 48, 48)",0,1,0,0,0,0,0,0,0
ck+327.png,"(0, 0, 48, 48)",0,1,0,0,0,0,0,0,0
ck+328.png,"(0, 0, 48, 48)",0,1,0,0,0,0,0,0,0
ck+329.png,"(0, 0, 48, 48)",0,1,0,0,0,0,0,0,0
ck+330.png,"(0, 0, 48, 48)",0,1,0,0,0,0,0,0,0
ck+331.png,"(0, 0, 48, 48)",0,1,0,0,0,0,0,0,0
ck+332.png,"(0, 0, 48, 48)",0,1,0,0,0,0,0,0,0
ck+333.png,"(0, 0, 48, 48)",0,1,0,0,0,0,0,0,0
ck+334.png,"(0, 0, 48, 48)",0,1,0,0,0,0,0,0,0
ck+335.png,"(0, 0, 48, 48)",0,1,0,0,0,0,0,0,0
ck+336.png,"(0, 0, 48, 48)",0,1,0,0,0,0,0,0,0
ck+337.png,"(0, 0, 48, 48)",0,1,0,0,0,0,0,0,0
ck+338.png,"(0, 0, 48, 48)",0,1,0,0,0,0,0,0,0
ck+339.png,"(0, 0, 48, 48)",0,1,0,0,0,0,0,0,0
ck+340.png,"(0, 0, 48, 48)",0,1,0,0,0,0,0,0,0
ck+341.png,"(0, 0, 48, 48)",0,1,0,0,0,0,0,0,0
ck+342.png,"(0, 0, 48, 48)",0,1,0,0,0,0,0,0,0
ck+343.png,"(0, 0, 48, 48)",0,1,0,0,0,0,0,0,0
ck+344.png,"(0, 0, 48, 48)",0,1,0,0,0,0,0,0,0
ck+345.png,"(0, 0, 48, 48)",0,1,0,0,0,0,0,0,0
ck+346.png,"(0, 0, 48, 48)",0,1,0,0,0,0,0,0,0
ck+347.png,"(0, 0, 48, 48)",0,1,0,0,0,0,0,0,0
ck+348.png,"(0, 0, 48, 48)",0,1,0,0,0,0,0,0,0
ck+349.png,"(0, 0, 48, 48)",0,1,0,0,0,0,0,0,0
ck+350.png,"(0, 0, 48, 48)",0,1,0,0,0,0,0,0,0
ck+351.png,"(0, 0, 48, 48)",0,1,0,0,0,0,0,0,0
ck+352.png,"(0, 0, 48, 48)",0,1,0,0,0,0,0,0,0
ck+353.png,"(0, 0, 48, 48)",0,1,0,0,0,0,0,0,0
ck+354.png,"(0, 0, 48, 48)",0,1,0,0,0,0,0,0,0
ck+355.png,"(0, 0, 48, 48)",0,1,0,0,0,0,0,0,0
ck+356.png,"(0, 0, 48, 48)",0,1,0,0,0,0,0,0,0
ck+357.png,"(0, 0, 48, 48)",0,1,0,0,0,0,0,0,0
ck+358.png,"(0, 0, 48, 48)",0,1,0,0,0,0,0,0,0
ck+359.png,"(0, 0, 48, 48)",0,1,0,0,0,0,0,0,0
ck+360.png,"(0, 0, 48, 48)",0,1,0,0,0,0,0,0,0
ck+361.png,"(0, 0, 48, 48)",0,1,0,0,0,0,0,0,0
ck+362.png,"(0, 0, 48, 48)",0,1,0,0,0,0,0,0,0
ck+363.png,"(0, 0, 48, 48)",0,1,0,0,0,0,0,0,0
ck+364.png,"(0, 0, 48, 48)",0,1,0,0,0,0,0,0,0
ck+365.png,"(0, 0, 48, 48)",0,1,0,0,0,0,0,0,0
ck+366.png,"(0, 0, 48, 48)",0,1,0,0,0,0,0,0,0
ck+367.png,"(0, 0, 48, 48)",0,1,0,0,0,0,0,0,0
ck+368.png,"(0, 0, 48, 48)",0,0,1,0,0,0,0,0,0
ck+369.png,"(0, 0, 48, 48)",0,0,1,0,0,0,0,0,0
ck+370.png,"(0, 0, 48, 48)",0,0,1,0,0,0,0,0,0
ck+371.png,"(0, 0, 48, 48)",0,0,1,0,0,0,0,0,0
ck+372.png,"(0, 0, 48, 48)",0,0,1,0,0,0,0,0,0
ck+373.png,"(0, 0, 48, 48)",0,0,1,0,0,0,0,0,0
ck+374.png,"(0, 0, 48, 48)",0,0,1,0,0,0,0,0,0
ck+375.png,"(0, 0, 48, 48)",0,0,1,0,0,0,0,0,0
ck+376.png,"(0, 0, 48, 48)",0,0,1,0,0,0,0,0,0
ck+377.png,"(0, 0, 48, 48)",0,0,1,0,0,0,0,0,0
ck+378.png,"(0, 0, 48, 48)",0,0,1,0,0,0,0,0,0
ck+379.png,"(0, 0, 48, 48)",0,0,1,0,0,0,0,0,0
ck+380.png,"(0, 0, 48, 48)",0,0,1,0,0,0,0,0,0
ck+381.png,"(0, 0, 48, 48)",0,0,1,0,0,0,0,0,0
ck+382.png,"(0, 0, 48, 48)",0,0,1,0,0,0,0,0,0
ck+383.png,"(0, 0, 48, 48)",0,0,1,0,0,0,0,0,0
ck+384.png,"(0, 0, 48, 48)",0,0,1,0,0,0,0,0,0
ck+385.png,"(0, 0, 48, 48)",0,0,1,0,0,0,0,0,0
ck+386.png,"(0, 0, 48, 48)",0,0,1,0,0,0,0,0,0
ck+387.png,"(0, 0, 48, 48)",0,0,1,0,0,0,0,0,0
ck+388.png,"(0, 0, 48, 48)",0,0,1,0,0,0,0,0,0
ck+389.png,"(0, 0, 48, 48)",0,0,1,0,0,0,0,0,0
ck+390.png,"(0, 0, 48, 48)",0,0,1,0,0,0,0,0,0
ck+391.png,"(0, 0, 48, 48)",0,0,1,0,0,0,0,0,0
ck+392.png,"(0, 0, 48, 48)",0,0,1,0,0,0,0,0,0
ck+393.png,"(0, 0, 48, 48)",0,0,1,0,0,0,0,0,0
ck+394.png,"(0, 0, 48, 48)",0,0,1,0,0,0,0,0,0
ck+395.png,"(0, 0, 48, 48)",0,0,1,0,0,0,0,0,0
ck+396.png,"(0, 0, 48, 48)",0,0,1,0,0,0,0,0,0
ck+397.png,"(0, 0, 48, 48)",0,0,1,0,0,0,0,0,0
ck+398.png,"(0, 0, 48, 48)",0,0,1,0,0,0,0,0,0
ck+399.png,"(0, 0, 48, 48)",0,0,1,0,0,0,0,0,0
ck+400.png,"(0, 0, 48, 48)",0,0,1,0,0,0,0,0,0
ck+401.png,"(0, 0, 48, 48)",0,0,1,0,0,0,0,0,0
ck+402.png,"(0, 0, 48, 48)",0,0,1,0,0,0,0,0,0
ck+403.png,"(0, 0, 48, 48)",0,0,1,0,0,0,0,0,0
ck+404.png,"(0, 0, 48, 48)",0,0,1,0,0,0,0,0,0
ck+405.png,"(0, 0, 48, 48)",0,0,1,0,0,0,0,0,0
ck+406.png,"(0, 0, 48, 48)",0,0,1,0,0,0,0,0,0
ck+407.png,"(0, 0, 48, 48)",0,0,1,0,0,0,0,0,0
ck+408.png,"(0, 0, 48, 48)",0,0,1,0,0,0,0,0,0
ck+409.png,"(0, 0, 48, 48)",0,0,1,0,0,0,0,0,0
ck+410.png,"(0, 0, 48, 48)",0,0,1,0,0,0,0,0,0
ck+411.png,"(0, 0, 48, 48)",0,0,1,0,0,0,0,0,0
ck+412.png,"(0, 0, 48, 48)",0,0,1,0,0,0,0,0,0
ck+413.png,"(0, 0, 48, 48)",0,0,1,0,0,0,0,0,0
ck+414.png,"(0, 0, 48, 48)",0,0,1,0,0,0,0,0,0
ck+415.png,"(0, 0, 48, 48)",0,0,1,0,0,0,0,0,0
ck+416.png,"(0, 0, 48, 48)",0,0,1,0,0,0,0,0,0
ck+417.png,"(0, 0, 48, 48)",0,0,1,0,0,0,0,0,0
ck+418.png,"(0, 0, 48, 48)",0,0,1,0,0,0,0,0,0
ck+419.png,"(0, 0, 48, 48)",0,0,1,0,0,0,0,0,0
ck+420.png,"(0, 0, 48, 48)",0,0,1,0,0,0,0,0,0
ck+421.png,"(0, 0, 48, 48)",0,0,1,0,0,0,0,0,0
ck+422.png,"(0, 0, 48, 48)",0,0,1,0,0,0,0,0,0
ck+423.png,"(0, 0, 48, 48)",0,0,1,0,0,0,0,0,0
ck+424.png,"(0, 0, 48, 48)",0,0,1,0,0,0,0,0,0
ck+425.png,"(0, 0, 48, 48)",0,0,1,0,0,0,0,0,0
ck+426.png,"(0, 0, 48, 48)",0,0,1,0,0,0,0,0,0
ck+427.png,"(0, 0, 48, 48)",0,0,1,0,0,0,0,0,0
ck+428.png,"(0, 0, 48, 48)",0,0,1,0,0,0,0,0,0
ck+429.png,"(0, 0, 48, 48)",0,0,1,0,0,0,0,0,0
ck+430.png,"(0, 0, 48, 48)",0,0,1,0,0,0,0,0,0
ck+431.png,"(0, 0, 48, 48)",0,0,1,0,0,0,0,0,0
ck+432.png,"(0, 0, 48, 48)",0,0,1,0,0,0,0,0,0
ck+433.png,"(0, 0, 48, 48)",0,0,1,0,0,0,0,0,0
ck+434.png,"(0, 0, 48, 48)",0,0,1,0,0,0,0,0,0
ck+435.png,"(0, 0, 48, 48)",0,0,1,0,0,0,0,0,0
ck+436.png,"(0, 0, 48, 48)",0,0,0,1,0,0,0,0,0
ck+437.png,"(0, 0, 48, 48)",0,0,0,1,0,0,0,0,0
ck+438.png,"(0, 0, 48, 48)",0,0,0,1,0,0,0,0,0
ck+439.png,"(0, 0, 48, 48)",0,0,0,1,0,0,0,0,0
ck+440.png,"(0, 0, 48, 48)",0,0,0,1,0,0,0,0,0
ck+441.png,"(0, 0, 48, 48)",0,0,0,1,0,0,0,0,0
ck+442.png,"(0, 0, 48, 48)",0,0,0,1,0,0,0,0,0
ck+443.png,"(0, 0, 48, 48)",0,0,0,1,0,0,0,0,0
ck+444.png,"(0, 0, 48, 48)",0,0,0,1,0,0,0,0,0
ck+445.png,"(0, 0, 48, 48)",0,0,0,1,0,0,0,0,0
ck+446.png,"(0, 0, 48, 48)",0,0,0,1,0,0,0,0,0
ck+447.png,"(0, 0, 48, 48)",0,0,0,1,0,0,0,0,0
ck+448.png,"(0, 0, 48, 48)",0,0,0,1,0,0,0,0,0
ck+449.png,"(0, 0, 48, 48)",0,0,0,1,0,0,0,0,0
ck+450.png,"(0, 0, 48, 48)",0,0,0,1,0,0,0,0,0
ck+451.png,"(0, 0, 48, 48)",0,0,0,1,0,0,0,0,0
ck+452.png,"(0, 0, 48, 48)",0,0,0,1,0,0,0,0,0
ck+453.png,"(0, 0, 48, 48)",0,0,0,1,0,0,0,0,0
ck+454.png,"(0, 0, 48, 48)",0,0,0,1,0,0,0,0,0
ck+455.png,"(0, 0, 48, 48)",0,0,0,1,0,0,0,0,0
ck+456.png,"(0, 0, 48, 48)",0,0,0,1,0,0,0,0,0
ck+457.png,"(0, 0, 48, 48)",0,0,0,1,0,0,0,0,0
ck+458.png,"(0, 0, 48, 48)",0,0,0,1,0,0,0,0,0
ck+459.png,"(0, 0, 48, 48)",0,0,0,1,0,0,0,0,0
ck+460.png,"(0, 0, 48, 48)",0,0,0,1,0,0,0,0,0
ck+461.png,"(0, 0, 48, 48)",0,0,0,1,0,0,0,0,0
ck+462.png,"(0, 0, 48, 48)",0,0,0,1,0,0,0,0,0
ck+463.png,"(0, 0, 48, 48)",0,0,0,1,0,0,0,0,0
ck+464.png,"(0, 0, 48, 48)",0,0,0,1,0,0,0,0,0
ck+465.png,"(0, 0, 48, 48)",0,0,0,1,0,0,0,0,0
ck+466.png,"(0, 0, 48, 48)",0,0,0,1,0,0,0,0,0
ck+467.png,"(0, 0, 48, 48)",0,0,0,1,0,0,0,0,0
ck+468.png,"(0, 0, 48, 48)",0,0,0,1,0,0,0,0,0
ck+469.png,"(0, 0, 48, 48)",0,0,0,1,0,0,0,0,0
ck+470.png,"(0, 0, 48, 48)",0,0,0,1,0,0,0,0,0
ck+471.png,"(0, 0, 48, 48)",0,0,0,1,0,0,0,0,0
ck+472.png,"(0, 0, 48, 48)",0,0,0,1,0,0,0,0,0
ck+473.png,"(0, 0, 48, 48)",0,0,0,1,0,0,0,0,0
ck+474.png,"(0, 0, 48, 48)",0,0,0,1,0,0,0,0,0
ck+475.png,"(0, 0, 48, 48)",0,0,0,1,0,0,0,0,0
ck+476.png,"(0, 0, 48, 48)",0,0,0,1,0,0,0,0,0
ck+477.png,"(0, 0, 48, 48)",0,0,0,1,0,0,0,0,0
ck+478.png,"(0, 0, 48, 48)",0,0,0,1,0,0,0,0,0
ck+479.png,"(0, 0, 48, 48)",0,0,0,1,0,0,0,0,0
ck+480.png,"(0, 0, 48, 48)",0,0,0,1,0,0,0,0,0
ck+481.png,"(0, 0, 48, 48)",0,0,0,1,0,0,0,0,0
ck+482.png,"(0, 0, 48, 48)",0,0,0,1,0,0,0,0,0
ck+483.png,"(0, 0, 48, 48)",0,0,0,1,0,0,0,0,0
ck+484.png,"(0, 0, 48, 48)",0,0,0,1,0,0,0,0,0
ck+485.png,"(0, 0, 48, 48)",0,0,0,1,0,0,0,0,0
ck+486.png,"(0, 0, 48, 48)",0,0,0,1,0,0,0,0,0
ck+487.png,"(0, 0, 48, 48)",0,0,0,1,0,0,0,0,0
ck+488.png,"(0, 0, 48, 48)",0,0,0,1,0,0,0,0,0
ck+489.png,"(0, 0, 48, 48)",0,0,0,1,0,0,0,0,0
ck+490.png,"(0, 0, 48, 48)",0,0,0,1,0,0,0,0,0
ck+491.png,"(0, 0, 48, 48)",0,0,0,1,0,0,0,0,0
ck+492.png,"(0, 0, 48, 48)",0,0,0,1,0,0,0,0,0
ck+493.png,"(0, 0, 48, 48)",0,0,0,1,0,0,0,0,0
ck+494.png,"(0, 0, 48, 48)",0,0,0,1,0,0,0,0,0
ck+495.png,"(0, 0, 48, 48)",0,0,0,1,0,0,0,0,0
ck+496.png,"(0, 0, 48, 48)",0,0,0,1,0,0,0,0,0
ck+497.png,"(0, 0, 48, 48)",0,0,0,1,0,0,0,0,0
ck+498.png,"(0, 0, 48, 48)",0,0,0,1,0,0,0,0,0
ck+499.png,"(0, 0, 48, 48)",0,0,0,1,0,0,0,0,0
ck+500.png,"(0, 0, 48, 48)",0,0,0,1,0,0,0,0,0
ck+501.png,"(0, 0, 48, 48)",0,0,0,1,0,0,0,0,0
ck+502.png,"(0, 0, 48, 48)",0,0,0,1,0,0,0,0,0
ck+503.png,"(0, 0, 48, 48)",0,0,0,1,0,0,0,0,0
ck+504.png,"(0, 0, 48, 48)",0,0,0,1,0,0,0,0,0
ck+505.png,"(0, 0, 48, 48)",0,0,0,1,0,0,0,0,0
ck+506.png,"(0, 0, 48, 48)",0,0,0,1,0,0,0,0,0
ck+507.png,"(0, 0, 48, 48)",0,0,0,1,0,0,0,0,0
ck+508.png,"(0, 0, 48, 48)",0,0,0,1,0,0,0,0,0
ck+509.png,"(0, 0, 48, 48)",0,0,0,1,0,0,0,0,0
ck+510.png,"(0, 0, 48, 48)",0,0,0,1,0,0,0,0,0
ck+511.png,"(0, 0, 48, 48)",0,0,0,1,0,0,0,0,0
ck+512.png,"(0, 0, 48, 48)",0,0,0,1,0,0,0,0,0
ck+513.png,"(0, 0, 48, 48)",0,0,0,1,0,0,0,0,0
ck+514.png,"(0, 0, 48, 48)",0,0,0,1,0,0,0,0,0
ck+515.png,"(0, 0, 48, 48)",0,0,0,1,0,0,0,0,0
ck+516.png,"(0, 0, 48, 48)",0,0,0,1,0,0,0,0,0
ck+517.png,"(0, 0, 48, 48)",0,0,0,1,0,0,0,0,0
ck+518.png,"(0, 0, 48, 48)",0,0,0,1,0,0,0,0,0
ck+519.png,"(0, 0, 48, 48)",0,0,0,1,0,0,0,0,0
ck+520.png,"(0, 0, 48, 48)",0,0,0,1,0,0,0,0,0
ck+521.png,"(0, 0, 48, 48)",0,0,0,1,0,0,0,0,0
ck+522.png,"(0, 0, 48, 48)",0,0,0,1,0,0,0,0,0
ck+523.png,"(0, 0, 48, 48)",0,0,0,1,0,0,0,0,0
ck+524.png,"(0, 0, 48, 48)",0,0,0,1,0,0,0,0,0
ck+525.png,"(0, 0, 48, 48)",0,0,0,1,0,0,0,0,0
ck+526.png,"(0, 0, 48, 48)",0,0,0,1,0,0,0,0,0
ck+527.png,"(0, 0, 48, 48)",0,0,0,1,0,0,0,0,0
ck+528.png,"(0, 0, 48, 48)",0,0,0,1,0,0,0,0,0
ck+529.png,"(0, 0, 48, 48)",0,0,0,1,0,0,0,0,0
ck+530.png,"(0, 0, 48, 48)",0,0,0,1,0,0,0,0,0
ck+531.png,"(0, 0, 48, 48)",0,0,0,1,0,0,0,0,0
ck+532.png,"(0, 0, 48, 48)",0,0,0,1,0,0,0,0,0
ck+533.png,"(0, 0, 48, 48)",0,0,0,1,0,0,0,0,0
ck+534.png,"(0, 0, 48, 48)",0,0,0,1,0,0,0,0,0
ck+535.png,"(0, 0, 48, 48)",0,0,0,1,0,0,0,0,0
ck+536.png,"(0, 0, 48, 48)",0,0,0,1,0,0,0,0,0
ck+537.png,"(0, 0, 48, 48)",0,0,0,1,0,0,0,0,0
ck+538.png,"(0, 0, 48, 48)",0,0,0,1,0,0,0,0,0
ck+539.png,"(0, 0, 48, 48)",0,0,0,1,0,0,0,0,0
ck+540.png,"(0, 0, 48, 48)",0,0,0,1,0,0,0,0,0
ck+541.png,"(0, 0, 48, 48)",0,0,0,1,0,0,0,0,0
ck+542.png,"(0, 0, 48, 48)",0,0,0,1,0,0,0,0,0
ck+543.png,"(0, 0, 48, 48)",0,0,0,1,0,0,0,0,0
ck+544.png,"(0, 0, 48, 48)",0,0,0,1,0,0,0,0,0
ck+545.png,"(0, 0, 48, 48)",0,0,0,1,0,0,0,0,0
ck+546.png,"(0, 0, 48, 48)",0,0,0,1,0,0,0,0,0
ck+547.png,"(0, 0, 48, 48)",0,0,0,1,0,0,0,0,0
ck+548.png,"(0, 0, 48, 48)",0,0,0,1,0,0,0,0,0
ck+549.png,"(0, 0, 48, 48)",0,0,0,1,0,0,0,0,0
ck+550.png,"(0, 0, 48, 48)",0,0,0,1,0,0,0,0,0
ck+551.png,"(0, 0, 48, 48)",0,0,0,1,0,0,0,0,0
ck+552.png,"(0, 0, 48, 48)",0,0,0,1,0,0,0,0,0
ck+553.png,"(0, 0, 48, 48)",0,0,0,1,0,0,0,0,0
ck+554.png,"(0, 0, 48, 48)",0,0,0,1,0,0,0,0,0
ck+555.png,"(0, 0, 48, 48)",0,0,0,0,1,0,0,0,0
ck+556.png,"(0, 0, 48, 48)",0,0,0,0,1,0,0,0,0
ck+557.png,"(0, 0, 48, 48)",0,0,0,0,1,0,0,0,0
ck+558.png,"(0, 0, 48, 48)",0,0,0,0,1,0,0,0,0
ck+559.png,"(0, 0, 48, 48)",0,0,0,0,1,0,0,0,0
ck+560.png,"(0, 0, 48, 48)",0,0,0,0,1,0,0,0,0
ck+561.png,"(0, 0, 48, 48)",0,0,0,0,1,0,0,0,0
ck+562.png,"(0, 0, 48, 48)",0,0,0,0,1,0,0,0,0
ck+563.png,"(0, 0, 48, 48)",0,0,0,0,1,0,0,0,0
ck+564.png,"(0, 0, 48, 48)",0,0,0,0,1,0,0,0,0
ck+565.png,"(0, 0, 48, 48)",0,0,0,0,1,0,0,0,0
ck+566.png,"(0, 0, 48, 48)",0,0,0,0,1,0,0,0,0
ck+567.png,"(0, 0, 48, 48)",0,0,0,0,1,0,0,0,0
ck+568.png,"(0, 0, 48, 48)",0,0,0,0,1,0,0,0,0
ck+569.png,"(0, 0, 48, 48)",0,0,0,0,1,0,0,0,0
ck+570.png,"(0, 0, 48, 48)",0,0,0,0,1,0,0,0,0
ck+571.png,"(0, 0, 48, 48)",0,0,0,0,1,0,0,0,0
ck+572.png,"(0, 0, 48, 48)",0,0,0,0,1,0,0,0,0
ck+573.png,"(0, 0, 48, 48)",0,0,0,0,1,0,0,0,0
ck+574.png,"(0, 0, 48, 48)",0,0,0,0,1,0,0,0,0
ck+575.png,"(0, 0, 48, 48)",0,0,0,0,1,0,0,0,0
ck+576.png,"(0, 0, 48, 48)",0,0,0,0,1,0,0,0,0
ck+577.png,"(0, 0, 48, 48)",0,0,0,0,1,0,0,0,0
ck+578.png,"(0, 0, 48, 48)",0,0,0,0,1,0,0,0,0
ck+579.png,"(0, 0, 48, 48)",0,0,0,0,1,0,0,0,0
ck+580.png,"(0, 0, 48, 48)",0,0,0,0,1,0,0,0,0
ck+581.png,"(0, 0, 48, 48)",0,0,0,0,1,0,0,0,0
ck+582.png,"(0, 0, 48, 48)",0,0,0,0,1,0,0,0,0
ck+583.png,"(0, 0, 48, 48)",0,0,0,0,1,0,0,0,0
ck+584.png,"(0, 0, 48, 48)",0,0,0,0,1,0,0,0,0
ck+585.png,"(0, 0, 48, 48)",0,0,0,0,1,0,0,0,0
ck+586.png,"(0, 0, 48, 48)",0,0,0,0,1,0,0,0,0
ck+587.png,"(0, 0, 48, 48)",0,0,0,0,1,0,0,0,0
ck+588.png,"(0, 0, 48, 48)",0,0,0,0,1,0,0,0,0
ck+589.png,"(0, 0, 48, 48)",0,0,0,0,1,0,0,0,0
ck+590.png,"(0, 0, 48, 48)",0,0,0,0,1,0,0,0,0
ck+591.png,"(0, 0, 48, 48)",0,0,0,0,1,0,0,0,0
ck+592.png,"(0, 0, 48, 48)",0,0,0,0,1,0,0,0,0
ck+593.png,"(0, 0, 48, 48)",0,0,0,0,1,0,0,0,0
ck+594.png,"(0, 0, 48, 48)",0,0,0,0,1,0,0,0,0
ck+595.png,"(0, 0, 48, 48)",0,0,0,0,1,0,0,0,0
ck+596.png,"(0, 0, 48, 48)",0,0,0,0,1,0,0,0,0
ck+597.png,"(0, 0, 48, 48)",0,0,0,0,1,0,0,0,0
ck+598.png,"(0, 0, 48, 48)",0,0,0,0,1,0,0,0,0
ck+599.png,"(0, 0, 48, 48)",0,0,0,0,1,0,0,0,0
ck+600.png,"(0, 0, 48, 48)",0,0,0,0,1,0,0,0,0
ck+601.png,"(0, 0, 48, 48)",0,0,0,0,1,0,0,0,0
ck+602.png,"(0, 0, 48, 48)",0,0,0,0,1,0,0,0,0
ck+603.png,"(0, 0, 48, 48)",0,0,0,0,1,0,0,0,0
ck+604.png,"(0, 0, 48, 48)",0,0,0,0,1,0,0,0,0
ck+605.png,"(0, 0, 48, 48)",0,0,0,0,1,0,0,0,0
ck+606.png,"(0, 0, 48, 48)",0,0,0,0,1,0,0,0,0
ck+607.png,"(0, 0, 48, 48)",0,0,0,0,1,0,0,0,0
ck+608.png,"(0, 0, 48, 48)",0,0,0,0,1,0,0,0,0
ck+609.png,"(0, 0, 48, 48)",0,0,0,0,1,0,0,0,0
ck+610.png,"(0, 0, 48, 48)",0,0,0,0,1,0,0,0,0
ck+611.png,"(0, 0, 48, 48)",0,0,0,0,1,0,0,0,0
ck+612.png,"(0, 0, 48, 48)",0,0,0,0,1,0,0,0,0
ck+613.png,"(0, 0, 48, 48)",0,0,0,0,1,0,0,0,0
ck+614.png,"(0, 0, 48, 48)",0,0,0,0,1,0,0,0,0
ck+615.png,"(0, 0, 48, 48)",0,0,0,0,1,0,0,0,0
ck+616.png,"(0, 0, 48, 48)",0,0,0,0,1,0,0,0,0
ck+617.png,"(0, 0, 48, 48)",0,0,0,0,1,0,0,0,0
ck+618.png,"(0, 0, 48, 48)",0,0,0,0,1,0,0,0,0
ck+619.png,"(0, 0, 48, 48)",0,0,0,0,1,0,0,0,0
ck+620.png,"(0, 0, 48, 48)",0,0,0,0,1,0,0,0,0
ck+621.png,"(0, 0, 48, 48)",0,0,0,0,1,0,0,0,0
ck+622.png,"(0, 0, 48, 48)",0,0,0,0,1,0,0,0,0
ck+623.png,"(0, 0, 48, 48)",0,0,0,0,1,0,0,0,0
ck+624.png,"(0, 0, 48, 48)",0,0,0,0,1,0,0,0,0
ck+625.png,"(0, 0, 48, 48)",0,0,0,0,1,0,0,0,0
ck+626.png,"(0, 0, 48, 48)",0,0,0,0,1,0,0,0,0
ck+627.png,"(0, 0, 48, 48)",0,0,0,0,1,0,0,0,0
ck+628.png,"(0, 0, 48, 48)",0,0,0,0,1,0,0,0,0
ck+629.png,"(0, 0, 48, 48)",0,0,0,0,1,0,0,0,0
ck+630.png,"(0, 0, 48, 48)",0,0,0,0,1,0,0,0,0
ck+631.png,"(0, 0, 48, 48)",0,0,0,0,1,0,0,0,0
ck+632.png,"(0, 0, 48, 48)",0,0,0,0,1,0,0,0,0
ck+633.png,"(0, 0, 48, 48)",0,0,0,0,1,0,0,0,0
ck+634.png,"(0, 0, 48, 48)",0,0,0,0,1,0,0,0,0
ck+635.png,"(0, 0, 48, 48)",0,0,0,0,1,0,0,0,0
ck+636.png,"(0, 0, 48, 48)",0,0,0,0,1,0,0,0,0
ck+637.png,"(0, 0, 48, 48)",0,0,0,0,1,0,0,0,0
ck+638.png,"(0, 0, 48, 48)",0,0,0,0,1,0,0,0,0
ck+639.png,"(0, 0, 48, 48)",0,0,0,0,1,0,0,0,0
ck+640.png,"(0, 0, 48, 48)",0,0,0,0,1,0,0,0,0
ck+641.png,"(0, 0, 48, 48)",0,0,0,0,1,0,0,0,0
ck+642.png,"(0, 0, 48, 48)",0,0,0,0,1,0,0,0,0
ck+643.png,"(0, 0, 48, 48)",0,0,0,0,1,0,0,0,0
ck+644.png,"(0, 0, 48, 48)",0,0,0,0,1,0,0,0,0
ck+645.png,"(0, 0, 48, 48)",0,0,0,0,1,0,0,0,0
ck+646.png,"(0, 0, 48, 48)",0,0,0,0,1,0,0,0,0
ck+647.png,"(0, 0, 48, 48)",0,0,0,0,1,0,0,0,0
ck+648.png,"(0, 0, 48, 48)",0,0,0,0,1,0,0,0,0
ck+649.png,"(0, 0, 48, 48)",0,0,0,0,1,0,0,0,0
ck+650.png,"(0, 0, 48, 48)",0,0,0,0,1,0,0,0,0
ck+651.png,"(0, 0, 48, 48)",0,0,0,0,1,0,0,0,0
ck+652.png,"(0, 0, 48, 48)",0,0,0,0,1,0,0,0,0
ck+653.png,"(0, 0, 48, 48)",0,0,0,0,1,0,0,0,0
ck+654.png,"(0, 0, 48, 48)",0,0,0,0,1,0,0,0,0
ck+655.png,"(0, 0, 48, 48)",0,0,0,0,1,0,0,0,0
ck+656.png,"(0, 0, 48, 48)",0,0,0,0,1,0,0,0,0
ck+657.png,"(0, 0, 48, 48)",0,0,0,0,1,0,0,0,0
ck+658.png,"(0, 0, 48, 48)",0,0,0,0,1,0,0,0,0
ck+659.png,"(0, 0, 48, 48)",0,0,0,0,1,0,0,0,0
ck+660.png,"(0, 0, 48, 48)",0,0,0,0,1,0,0,0,0
ck+661.png,"(0, 0, 48, 48)",0,0,0,0,1,0,0,0,0
ck+662.png,"(0, 0, 48, 48)",0,0,0,0,1,0,0,0,0
ck+663.png,"(0, 0, 48, 48)",0,0,0,0,1,0,0,0,0
ck+664.png,"(0, 0, 48, 48)",0,0,0,0,1,0,0,0,0
ck+665.png,"(0, 0, 48, 48)",0,0,0,0,1,0,0,0,0
ck+666.png,"(0, 0, 48, 48)",0,0,0,0,1,0,0,0,0
ck+667.png,"(0, 0, 48, 48)",0,0,0,0,1,0,0,0,0
ck+668.png,"(0, 0, 48, 48)",0,0,0,0,1,0,0,0,0
ck+669.png,"(0, 0, 48, 48)",0,0,0,0,1,0,0,0,0
ck+670.png,"(0, 0, 48, 48)",0,0,0,0,1,0,0,0,0
ck+671.png,"(0, 0, 48, 48)",0,0,0,0,1,0,0,0,0
ck+672.png,"(0, 0, 48, 48)",0,0,0,0,1,0,0,0,0
ck+673.png,"(0, 0, 48, 48)",0,0,0,0,1,0,0,0,0
ck+674.png,"(0, 0, 48, 48)",0,0,0,0,1,0,0,0,0
ck+675.png,"(0, 0, 48, 48)",0,0,0,0,1,0,0,0,0
ck+676.png,"(0, 0, 48, 48)",0,0,0,0,1,0,0,0,0
ck+677.png,"(0, 0, 48, 48)",0,0,0,0,1,0,0,0,0
ck+678.png,"(0, 0, 48, 48)",0,0,0,0,1,0,0,0,0
ck+679.png,"(0, 0, 48, 48)",0,0,0,0,1,0,0,0,0
ck+680.png,"(0, 0, 48, 48)",0,0,0,0,1,0,0,0,0
ck+681.png,"(0, 0, 48, 48)",0,0,0,0,1,0,0,0,0
ck+682.png,"(0, 0, 48, 48)",0,0,0,0,1,0,0,0,0
ck+683.png,"(0, 0, 48, 48)",0,0,0,0,1,0,0,0,0
ck+684.png,"(0, 0, 48, 48)",0,0,0,0,1,0,0,0,0
ck+685.png,"(0, 0, 48, 48)",0,0,0,0,1,0,0,0,0
ck+686.png,"(0, 0, 48, 48)",0,0,0,0,1,0,0,0,0
ck+687.png,"(0, 0, 48, 48)",0,0,0,0,1,0,0,0,0
ck+688.png,"(0, 0, 48, 48)",0,0,0,0,1,0,0,0,0
ck+689.png,"(0, 0, 48, 48)",0,0,0,0,1,0,0,0,0
ck+690.png,"(0, 0, 48, 48)",0,0,0,0,1,0,0,0,0
ck+691.png,"(0, 0, 48, 48)",0,0,0,0,1,0,0,0,0
ck+692.png,"(0, 0, 48, 48)",0,0,0,0,1,0,0,0,0
ck+693.png,"(0, 0, 48, 48)",0,0,0,0,1,0,0,0,0
ck+694.png,"(0, 0, 48, 48)",0,0,0,0,1,0,0,0,0
ck+695.png,"(0, 0, 48, 48)",0,0,0,0,1,0,0,0,0
ck+696.png,"(0, 0, 48, 48)",0,0,0,0,1,0,0,0,0
ck+697.png,"(0, 0, 48, 48)",0,0,0,0,1,0,0,0,0
ck+698.png,"(0, 0, 48, 48)",0,0,0,0,0,1,0,0,0
ck+699.png,"(0, 0, 48, 48)",0,0,0,0,0,1,0,0,0
ck+700.png,"(0, 0, 48, 48)",0,0,0,0,0,1,0,0,0
ck+701.png,"(0, 0, 48, 48)",0,0,0,0,0,1,0,0,0
ck+702.png,"(0, 0, 48, 48)",0,0,0,0,0,1,0,0,0
ck+703.png,"(0, 0, 48, 48)",0,0,0,0,0,1,0,0,0
ck+704.png,"(0, 0, 48, 48)",0,0,0,0,0,1,0,0,0
ck+705.png,"(0, 0, 48, 48)",0,0,0,0,0,1,0,0,0
ck+706.png,"(0, 0, 48, 48)",0,0,0,0,0,1,0,0,0
ck+707.png,"(0, 0, 48, 48)",0,0,0,0,0,1,0,0,0
ck+708.png,"(0, 0, 48, 48)",0,0,0,0,0,1,0,0,0
ck+709.png,"(0, 0, 48, 48)",0,0,0,0,0,1,0,0,0
ck+710.png,"(0, 0, 48, 48)",0,0,0,0,0,1,0,0,0
ck+711.png,"(0, 0, 48, 48)",0,0,0,0,0,1,0,0,0
ck+712.png,"(0, 0, 48, 48)",0,0,0,0,0,1,0,0,0
ck+713.png,"(0, 0, 48, 48)",0,0,0,0,0,1,0,0,0
ck+714.png,"(0, 0, 48, 48)",0,0,0,0,0,1,0,0,0
ck+715.png,"(0, 0, 48, 48)",0,0,0,0,0,1,0,0,0
ck+716.png,"(0, 0, 48, 48)",0,0,0,0,0,1,0,0,0
ck+717.png,"(0, 0, 48, 48)",0,0,0,0,0,1,0,0,0
ck+718.png,"(0, 0, 48, 48)",0,0,0,0,0,1,0,0,0
ck+719.png,"(0, 0, 48, 48)",0,0,0,0,0,1,0,0,0
ck+720.png,"(0, 0, 48, 48)",0,0,0,0,0,1,0,0,0
ck+721.png,"(0, 0, 48, 48)",0,0,0,0,0,1,0,0,0
ck+722.png,"(0, 0, 48, 48)",0,0,0,0,0,1,0,0,0
ck+723.png,"(0, 0, 48, 48)",0,0,0,0,0,1,0,0,0
ck+724.png,"(0, 0, 48, 48)",0,0,0,0,0,1,0,0,0
ck+725.png,"(0, 0, 48, 48)",0,0,0,0,0,1,0,0,0
ck+726.png,"(0, 0, 48, 48)",0,0,0,0,0,1,0,0,0
ck+727.png,"(0, 0, 48, 48)",0,0,0,0,0,1,0,0,0
ck+728.png,"(0, 0, 48, 48)",0,0,0,0,0,1,0,0,0
ck+729.png,"(0, 0, 48, 48)",0,0,0,0,0,1,0,0,0
ck+730.png,"(0, 0, 48, 48)",0,0,0,0,0,1,0,0,0
ck+731.png,"(0, 0, 48, 48)",0,0,0,0,0,1,0,0,0
ck+732.png,"(0, 0, 48, 48)",0,0,0,0,0,1,0,0,0
ck+733.png,"(0, 0, 48, 48)",0,0,0,0,0,1,0,0,0
ck+734.png,"(0, 0, 48, 48)",0,0,0,0,0,1,0,0,0
ck+735.png,"(0, 0, 48, 48)",0,0,0,0,0,1,0,0,0
ck+736.png,"(0, 0, 48, 48)",0,0,0,0,0,1,0,0,0
ck+737.png,"(0, 0, 48, 48)",0,0,0,0,0,1,0,0,0
ck+738.png,"(0, 0, 48, 48)",0,0,0,0,0,1,0,0,0
ck+739.png,"(0, 0, 48, 48)",0,0,0,0,0,1,0,0,0
ck+740.png,"(0, 0, 48, 48)",0,0,0,0,0,1,0,0,0
ck+741.png,"(0, 0, 48, 48)",0,0,0,0,0,1,0,0,0
ck+742.png,"(0, 0, 48, 48)",0,0,0,0,0,1,0,0,0
ck+743.png,"(0, 0, 48, 48)",0,0,0,0,0,1,0,0,0
ck+744.png,"(0, 0, 48, 48)",0,0,0,0,0,1,0,0,0
ck+745.png,"(0, 0, 48, 48)",0,0,0,0,0,1,0,0,0
ck+746.png,"(0, 0, 48, 48)",0,0,0,0,0,1,0,0,0
ck+747.png,"(0, 0, 48, 48)",0,0,0,0,0,1,0,0,0
ck+748.png,"(0, 0, 48, 48)",0,0,0,0,0,1,0,0,0
ck+749.png,"(0, 0, 48, 48)",0,0,0,0,0,1,0,0,0
ck+750.png,"(0, 0, 48, 48)",0,0,0,0,0,1,0,0,0
ck+751.png,"(0, 0, 48, 48)",0,0,0,0,0,1,0,0,0
ck+752.png,"(0, 0, 48, 48)",0,0,0,0,0,1,0,0,0
ck+753.png,"(0, 0, 48, 48)",0,0,0,0,0,1,0,0,0
ck+754.png,"(0, 0, 48, 48)",0,0,0,0,0,1,0,0,0
ck+755.png,"(0, 0, 48, 48)",0,0,0,0,0,1,0,0,0
ck+756.png,"(0, 0, 48, 48)",0,0,0,0,0,1,0,0,0
ck+757.png,"(0, 0, 48, 48)",0,0,0,0,0,1,0,0,0
ck+758.png,"(0, 0, 48, 48)",0,0,0,0,0,1,0,0,0
ck+759.png,"(0, 0, 48, 48)",0,0,0,0,0,0,1,0,0
ck+760.png,"(0, 0, 48, 48)",0,0,0,0,0,0,1,0,0
ck+761.png,"(0, 0, 48, 48)",0,0,0,0,0,0,1,0,0
ck+762.png,"(0, 0, 48, 48)",0,0,0,0,0,0,1,0,0
ck+763.png,"(0, 0, 48, 48)",0,0,0,0,0,0,1,0,0
ck+764.png,"(0, 0, 48, 48)",0,0,0,0,0,0,1,0,0
ck+765.png,"(0, 0, 48, 48)",0,0,0,0,0,0,1,0,0
ck+766.png,"(0, 0, 48, 48)",0,0,0,0,0,0,1,0,0
ck+767.png,"(0, 0, 48, 48)",0,0,0,0,0,0,1,0,0
ck+768.png,"(0, 0, 48, 48)",0,0,0,0,0,0,1,0,0
ck+769.png,"(0, 0, 48, 48)",0,0,0,0,0,0,1,0,0
ck+770.png,"(0, 0, 48, 48)",0,0,0,0,0,0,1,0,0
ck+771.png,"(0, 0, 48, 48)",0,0,0,0,0,0,1,0,0
ck+772.png,"(0, 0, 48, 48)",0,0,0,0,0,0,1,0,0
ck+773.png,"(0, 0, 48, 48)",0,0,0,0,0,0,1,0,0
ck+774.png,"(0, 0, 48, 48)",0,0,0,0,0,0,1,0,0
ck+775.png,"(0, 0, 48, 48)",0,0,0,0,0,0,1,0,0
ck+776.png,"(0, 0, 48, 48)",0,0,0,0,0,0,1,0,0
ck+777.png,"(0, 0, 48, 48)",0,0,0,0,0,0,1,0,0
ck+778.png,"(0, 0, 48, 48)",0,0,0,0,0,0,1,0,0
ck+779.png,"(0, 0, 48, 48)",0,0,0,0,0,0,1,0,0
ck+780.png,"(0, 0, 48, 48)",0,0,0,0,0,0,1,0,0
ck+781.png,"(0, 0, 48, 48)",0,0,0,0,0,0,1,0,0
ck+782.png,"(0, 0, 48, 48)",0,0,0,0,0,0,1,0,0
ck+783.png,"(0, 0, 48, 48)",0,0,0,0,0,0,1,0,0
ck+784.png,"(0, 0, 48, 48)",0,0,0,0,0,0,1,0,0
ck+785.png,"(0, 0, 48, 48)",0,0,0,0,0,0,1,0,0
ck+786.png,"(0, 0, 48, 48)",0,0,0,0,0,0,1,0,0
ck+787.png,"(0, 0, 48, 48)",0,0,0,0,0,0,1,0,0
ck+788.png,"(0, 0, 48, 48)",0,0,0,0,0,0,1,0,0
ck+789.png,"(0, 0, 48, 48)",0,0,0,0,0,0,1,0,0
ck+790.png,"(0, 0, 48, 48)",0,0,0,0,0,0,1,0,0
ck+791.png,"(0, 0, 48, 48)",0,0,0,0,0,0,1,0,0
ck+792.png,"(0, 0, 48, 48)",0,0,0,0,0,0,1,0,0
